0.0	0.0	0.0	0.0	0.0	1.0	0.011539	-0.0160893	-0.123283	0.0	0.000831612	0.0	0.0	0.0	0.0	0.0	0.0	0.0	0.0
0.0870372873	0.0870326653	0.0870249621	0.0870141781	0.0870003136	0.0	0.012443	-0.0376483	-0.0846820999999999	-0.000110361	0.000703918	0.0	-0.2093364981	0.0119973976	-0.0081304995	0.0549912236	0.1244495762	-0.2056346564	0.07296665
0.0870249621	0.0869833691	0.086914062	0.086817063	0.086692403	0.0	0.00439844	-0.0264749	-0.0785195999999999	-0.000224209	0.000774156	0.0	-0.1317238491	0.0424973638	0.1179491876	0.0161668804	0.0903706783	-0.196369444	0.03458476
0.0870003136	0.0868848045	0.086692403	0.0864232793	0.0860776717	0.0	0.000212156	-0.00727005	-0.0824937	-0.000309508	0.000491934	0.0	-0.0760884141	-0.0746547016	0.0295847953	-0.015340059	0.0150512097	-0.1136509927	0.045741284
0.0869633451	0.0867370275	0.0863602677	0.0858337192	0.0851582951	0.0	-0.00365437	-0.0076232799999999	-0.0847051999999999	-0.000293654	0.000389608	6.85922e-05	-0.0658455163	-0.0225978935	-0.0471501503	0.0090622881	-0.0407338318	-0.0707600468	0.0157698659999999
0.086914062	0.0865401218	0.0859180793	0.085049718	0.0839375273	0.0	-0.00246855	-0.0217623	-0.0306275	-1.07388e-05	0.000418017	8.413059999999998e-05	-0.052376213	0.0593190132	0.0642997499	0.0494913863	0.0315617246	0.0464941905	0.0857456699999999
0.0868524712	0.0862941987	0.0853664013	0.0840730518	0.0824196886	0.0	-0.00427617	-0.0033679	-0.0402196	-0.000421586	0.000364354	0.0	0.021081742	-0.0575730348	0.0704194466	0.0625565215	-0.0359152992	-0.0208457975	0.05722616
0.0867785814	0.0859993978	0.0847059367	0.0829059332	0.0806101512	0.0	-0.0084674499999999	-0.0164945	-0.0147761	-3.04072e-05	0.00031604	0.0	0.0163488925	-0.0788861596	-0.0587216628	0.0496659558	-0.0506894134	-0.0338618603	0.0647360199999999
0.086692403	0.0856558858	0.0839375273	0.0815510059	0.0785153191	0.0	-0.00535793	-0.0104321	-0.0138073	-0.000614733	0.000308448	6.55225e-05	-0.0522789312	0.0555375631	0.0395319174	-0.0286987364	0.0112399268	-0.1355867119	0.043012735
0.0865939484	0.0852638575	0.0830621521	0.0800113394	0.0761426065	0.0	0.0221491	-0.0164758	-0.0803634	-0.0008778819999999	-0.000319836	0.000479362	-0.0244488492	-0.0204749727	0.030623274	-0.039903895	-0.026814428	-0.1562102888	0.165370455
0.0864832314	0.0848235348	0.0820809269	0.0782904215	0.0735004107	0.0	0.0285299	-0.00767359	-0.0476039	-0.000380619	-0.0	0.0003478	0.0310999648	-0.0765864503	-0.0511298336	0.0752346877	-0.0257027237	0.0488764341	0.09537556
0.0863602677	0.0843351671	0.0809951018	0.0763921506	0.0705980832	0.0	0.028553	-0.0164898	-0.0666287	-8.733429999999998e-05	-0.000154655	0.000321305	-0.0222019885	0.0536542913	-0.0796136768	-0.0017115421	-0.0181773011	-0.0389558881	0.0515858449999999
0.0862250748	0.0837990311	0.0798060608	0.0743208269	0.0674458956	0.0	0.0191747	-0.000623565	-0.0452689	-0.000671659	-0.0	0.000203503	0.0437493632	0.076605103	0.0607391104	-0.0339103566	-0.0125121044	0.0529326114	0.0894434199999999
0.0860776717	0.0832154305	0.0785153191	0.0720811426	0.0640550043	0.0	0.0285819	0.00139002	-0.0333465	-0.000455944	-0.0	0.0	0.0300129929	-0.0823343703	0.0395828687	-0.0872202598	-0.0294336732	0.0349357406	0.044304085
0.0859180793	0.0825846958	0.0771245214	0.0696781714	0.0604374102	0.0	0.013255	-0.00690935	-0.0283122	-0.000428952	-0.0	0.0	-0.0391910889	-0.0563250192	-0.0912251505	-0.0100121131	0.0294018924	0.0538122451	0.03001017
0.0857463203	0.0819071842	0.0756354403	0.0671173566	0.0566059167	0.0	0.0109247	0.0114798	0.00275537	-0.000354812	-0.0	0.0	0.0073692232	0.1069064494	0.0148102498	0.0154505266	0.0384514921	0.0273247619	0.05549402
0.0855624189	0.0811832795	0.0740499731	0.0644044995	0.0525740841	0.0	0.0109247	-0.00312191	-0.0165611	-0.000641862	-0.0	0.0	0.0946037471	-0.0135895709	0.0499071277	-2.5908e-06	-0.0312675092	0.0614198091	0.04827068
0.0853664013	0.0804133917	0.0723701406	0.0615457455	0.0483561819	0.0	0.0109247	0.00813411	-0.0165519	-0.000476695	-0.0	0.0	0.0155976993	-0.0389227698	-0.0713935884	0.034041696	-0.0352525797	0.0349002742	0.01952357
0.0851582951	0.0795979569	0.0705980832	0.0585475706	0.0439671381	0.0	-0.00188483	0.0136146	0.00447083	-0.000231038	-5.1747e-05	0.0	0.0572361867	0.1017579012	0.0035925674	0.0472201043	0.0332454908	0.0677956222	0.05418295
0.0849381299	0.078737437	0.0687360592	0.0554167665	0.0394224862	0.0	0.00160482	0.00375506	0.00173477	-0.000290827	-0.0	0.0	0.0875092863	-0.0292884569	0.0458864839	0.022403337	-0.0646817365	0.057779551	0.02166205
0.0847059367	0.0778323194	0.0667864415	0.0521604257	0.0347383107	0.0	0.0022527	0.00376019	0.00140973	-8.17947e-05	-0.0	0.0	0.0793563079	-0.0481330045	-0.0826587683	0.0590406046	-0.0305276648	0.0342255936	0.0114296649999999
0.0844617486	0.0768831168	0.0647517147	0.0487859248	0.0299311897	0.0	-0.0126944	0.00375742	0.00466504	-0.000253438	-0.0	0.0	0.0453459589	0.0949409089	-0.0874693742	-0.0523387708	-0.0008066651	0.0360033014	0.026787345
0.0842056	0.0758903667	0.0626344715	0.045300908	0.0250181366	0.0	-0.00228257	0.00375197	0.00827298	-0.000241248	-0.0	0.0	0.0797895799	0.047605854	0.0610864498	-0.0367965343	-0.0227758161	0.0281136194	0.01463472
0.0839375273	0.0748546315	0.0604374102	0.0417132701	0.0200165396	0.0	0.000243937	-0.00142096	0.000310716	3.62522e-05	-0.0	0.0	0.0395744213	-0.0752197033	0.0136589726	-0.0533591125	0.0002471335	0.0060124746	0.029536711
0.0836575683	0.0737764979	0.0581633306	0.0380311382	0.0149441002	0.0	-0.0068243	0.0126473	0.000406027	-0.000244903	-0.000131026	0.0	0.0215239519	-0.0128949391	-0.1096565715	-0.0190035145	0.0541879799	0.0617943473	0.041840868
0.0833657629	0.0726565764	0.0558151306	0.0342628536	0.0098187709	0.0	-0.00679478	-0.00436725	0.00687971	-0.000149553	-0.000136602	0.0	0.0230811088	0.0841581858	-0.0754576611	-0.0079445282	0.0326587777	0.0419264473	0.028564053
0.0830621521	0.0714955015	0.0533958026	0.0304169526	0.0046586911	0.0	-0.00679607	0.00375064	0.00687678	-0.000159156	-0.0	-0.000163536	0.0791002446	0.0664353074	0.0521631935	-0.0049404224	0.0130577986	0.0659176305	0.02360916
0.0827467792	0.0702939308	0.0509084298	0.0265021474	-0.0005178768	0.0	-0.0067918	0.00374737	0.0191582	-0.000296729	-0.0001688	-6.26161e-05	0.0675671697	-0.086312137	0.0576463042	-0.0565752357	0.0203191721	0.069205078	0.032653605
0.0824196886	0.0690525449	0.0483561819	0.0225273063	-0.0056926117	0.0	-0.00679195	0.00375989	0.00688069	3.62522e-05	-0.000115418	0.0	-3.99889e-05	-0.0762681997	-0.0620751703	-0.0161534355	0.0326829505	0.069398698	0.034739145
0.0820809269	0.0677720469	0.0457423114	0.0185014337	-0.0108471994	0.0	-0.00680394	-0.0171969	-0.0276881	0.00182632	-0.000110804	0.0	-0.0915775279	0.0786761049	0.016959641	-0.0445482854	-0.0594189947	0.0836441528	0.14527166
0.0817305418	0.0664531621	0.0430701492	0.0144336493	-0.0159633969	0.0	-0.00677678	-0.012483	-0.0277087	0.00169795	0.000513222	0.0	-0.0903671119	0.0852059169	-0.0338063326	-0.0915554527	-0.1758437753	0.0056167711	0.04238146
0.081368583	0.0650966374	0.0403431006	0.0103331681	-0.0210230968	0.0	-0.00681535	-0.012498	-0.0058479	0.0013792	0.000372836	0.0	0.0243867217	0.0889895359	0.0301428951	-0.0433875672	-0.0208671873	0.1097120857	0.04487117
0.0809951018	0.0637032414	0.0375646409	0.0062092789	-0.0260083921	0.0	-0.00679785	-0.0125087	0.00317898	0.000989477	-0.0	0.0	0.0077600482	-0.0531646887	0.0985125306	-0.0690777839	-0.0242280129	0.0165520411	0.0471830299999999
0.0806101512	0.0622737632	0.0347383107	0.0020713237	-0.0309016387	0.0	-0.00679785	-0.00685216	0.0266664	0.000948918	-0.0	0.0	-0.0005157581	-0.1193857231	-0.0735606219	-0.0035075944	0.0266573902	0.0924876252	0.03117191
0.0802137854	0.0608090124	0.0318677118	-0.0020713237	-0.0356855186	0.0	-0.0192489	-0.0125181	0.010199	0.0011192	0.000129894	-0.000202911	-0.0486206929	0.0541185126	-0.0431050029	0.0329746962	0.0103424261	-0.0092006088	0.05973874
0.0798060608	0.0593098188	0.0289565022	-0.0062092789	-0.0403431006	0.0	-0.0167183	0.0043703	0.0170898	0.000606113	0.000327497	-0.000175362	-0.0186721018	0.0305255639	0.0627157044	-0.0146640896	-0.0809782939	-0.0450146017	0.06322175
0.0793870351	0.0577770315	0.0260083921	-0.0103331681	-0.0448579009	0.0	-0.0169206	0.00843662	-0.00426677	0.000794991	0.000251278	-0.000295032	-0.0285244134	-0.0388097571	0.0341755864	0.0291554316	-0.1066416465	-0.0481429001	0.0448635399999999
0.0789567675	0.0562115186	0.0230271381	-0.0144336493	-0.0492139405	0.0	-0.0245197	-0.0125394	0.00428758	0.00110724	0.000311528	-0.000293234	-0.0330329025	0.010660969	-0.0934908375	0.0181949666	-0.0315265975	0.0318028675	0.05584432
0.0785153191	0.054614167	0.0200165396	-0.0185014337	-0.0533958026	0.0	-0.0245328	0.00288203	0.0131667	0.000949167	0.000257705	-0.000313445	0.0092481453	0.0926029264	0.022876493	-0.0005701153	-0.0201414517	0.0389955275	0.035919
0.0780627523	0.0529858813	0.016980433	-0.0225273063	-0.057388687	0.0	-0.0245254	-0.0125362	0.0266598	0.000794991	0.000114005	-0.000239381	0.0464268029	-0.0469279227	0.0604141596	-0.005875061	-0.0618929099	-0.0331781667	0.04751573
0.0775991312	0.0513275838	0.0139226874	-0.0265021474	-0.0611784619	0.0	-0.0245209	-0.0125208	0.0308691	0.00124487	0.000206945	-0.000136791	0.021262358	-0.0905876682	-0.0128958554	0.0308705796	0.0065198828	0.150744182	0.03649965
0.0771245214	0.0496402139	0.0108471994	-0.0304169526	-0.0647517147	0.0	-0.0245238	-0.0125288	0.0435692	0.00105284	0.000265855	-0.000326301	-0.0301610226	0.0620697462	-0.0519366097	0.0386382026	0.0633614311	-0.0150435822	0.0347334999999999
0.0766389903	0.0479247272	0.0077578884	-0.0342628536	-0.0680957989	0.0	-0.0266668	-0.0125384	0.0533696	0.000794991	0.00017435	-0.000323177	0.0032165318	0.0390359655	0.0778352975	-0.0677485984	-0.0030848683	-0.0118319872	0.0295769
0.0761426065	0.0461820954	0.0046586911	-0.0380311382	-0.0711988792	0.0	-0.0245248	-0.0125215	0.0311397	0.00108325	0.000163821	-0.000234721	0.0419717876	-0.0965718278	0.0451239103	-0.0207232492	0.0425368951	0.0305157776	0.043751
0.0756354403	0.0444133056	0.0015535569	-0.0417132701	-0.0740499731	0.0	-0.0245135	0.00367848	0.0533813	0.000974006	-0.0	-0.000318649	-0.0618074166	-0.0430501438	-0.0496542834	-0.0187004522	0.0902960548	-0.0045941337	0.05630253
0.0751175635	0.0426193597	-0.0015535569	-0.045300908	-0.0766389903	0.0	-0.0245292	-0.0125236	0.0696265	0.000948477	0.000174262	-0.000251484	-0.0059774223	0.031156931	0.0598305307	0.003260295	0.0498732813	0.0341730236	0.04581078
0.0745890495	0.0408012736	-0.0046586911	-0.0487859248	-0.0789567675	0.0	-0.0245196	-0.0124901	0.0534104	0.00142746	0.000158377	-0.000211273	0.0127678597	-0.0981123889	0.0088191637	0.0357365301	0.0007750619	0.0158991873	0.04301315
0.0740499731	0.0389600773	-0.0077578884	-0.0521604257	-0.0809951018	0.0	-0.0245355	0.00421511	0.0721331	0.00101195	0.000246607	-0.000181527	-0.0544190218	0.0101036509	-0.0716788041	0.0740433106	0.0796218163	0.0397024534	0.06211811
0.0735004107	0.0370968136	-0.0108471994	-0.0554167665	-0.0827467792	0.0	-0.0245356	-0.0125155	0.0659464	0.000986472	0.000242934	-0.000211833	-0.0124366546	0.0634683431	0.053803625	0.0545818322	0.0321902926	-0.0009446651	0.02589026
0.0729404401	0.0352125379	-0.0139226874	-0.0585475706	-0.0842056	0.0	-0.0313246	-0.0124999	0.0713039	0.00122848	-0.0	-0.000222031	0.0262417071	-0.0578984264	0.0339746013	0.0681885647	-0.0405529536	0.0396026357	0.0369191
0.0723701406	0.0333083174	-0.016980433	-0.0615457455	-0.0853664013	0.0	-0.0280116	0.00470924	0.0821183	0.00126278	-0.0	-0.000265159	0.012800617	-0.0652045746	-0.0894380019	0.0620832999	-9.8026e-06	-0.0424412862	0.03520794
0.0717895928	0.0313852308	-0.0200165396	-0.0644044995	-0.0862250748	0.0	-0.0349993	-0.0124657	0.128276	0.00152114	1.05879e-22	-0.000402049	0.0009647932	0.0684243205	-0.0425189319	0.0225653975	0.0510927283	-0.0161162836	0.09008284
0.0711988792	0.0294443672	-0.0230271381	-0.0671173566	-0.0867785814	0.0	-0.0327741	-0.0124825	0.117617	0.00137215	0.000142234	-0.000402049	0.0472033039	-0.0457718941	0.0626654301	-0.0113766919	0.0939953952	-0.0912515351	0.0274622
0.0705980832	0.027486826	-0.0260083921	-0.0696781714	-0.0870249621	0.0	-0.0268534	-0.0125013	0.127375	0.00112524	-0.0	-0.000402049	0.0420838633	-0.0877172732	-0.0574896365	0.0399409391	0.0800425473	0.0169043381	0.0351546999999999
0.06998729	0.025513716	-0.0289565022	-0.0720811426	-0.0869633451	0.0	-0.0386169	-0.0167577	0.132766	0.00128344	0.000139207	-0.000402049	0.0064161569	0.0727706399	-0.0681780976	0.0563622339	0.0213386186	-0.0341747197	0.03628125
0.069366586	0.0235261547	-0.0318677118	-0.0743208269	-0.0865939484	0.0	-0.0420578	-0.012497	0.135242	0.00126375	0.000231981	-0.000570234	0.0592347518	0.0714004968	0.0482668276	0.0551388934	0.0043313882	0.0186963141	0.02421005
0.0687360592	0.021525268	-0.0347383107	-0.0763921506	-0.0859180793	0.0	-0.0420544	-0.000594502	0.136855	0.0012765	0.000183105	-0.000402049	0.0981422771	-0.026230236	0.0253812072	0.0593107142	-0.0437516583	-0.0198207796	0.025009448
0.0680957989	0.0195121891	-0.0375646409	-0.0782904215	-0.0849381299	0.0	-0.0420597	-0.0125047	0.136511	0.00121094	0.000262651	-0.000402049	0.0508813113	-0.0241691044	-0.0885691007	-0.0408058153	-0.0516803034	-0.0463066978	0.019514798
0.0674458956	0.0174880583	-0.0403431006	-0.0800113394	-0.0836575683	0.0	-0.0382653	-0.0124709	0.125269	0.00144531	0.000246055	-0.000402049	0.0116797159	0.034374762	-0.0441440061	-0.0009587299	0.0720964545	-0.0329905094	0.0276185
0.0667864415	0.0154540221	-0.0430701492	-0.0815510059	-0.0820809269	0.0	-0.0420801	-0.00482757	0.125272	0.00137635	0.000305244	-0.000402049	0.0814954395	0.0477553305	0.0884035418	-0.0061366498	0.0713566896	-0.0069048671	0.01786858
0.06611753	0.0134112326	-0.0457423114	-0.0829059332	-0.0802137854	0.0	-0.0420631	-0.00796924	0.117327	0.00136101	0.000288726	-0.000511487	0.0671000986	-0.0319718295	0.0656724967	-0.0522292254	-0.0017640369	-0.0171085772	0.0181684699999999
0.0654392557	0.0113608468	-0.0483561819	-0.0840730518	-0.0780627523	0.0	-0.0420662	-0.0124717	0.115011	0.00153535	0.000319529	-0.000402049	-0.010736022	-0.0515534515	-0.0855589676	-0.0886644803	0.0387808201	-0.0573372009	0.02255061
0.0647517147	0.0093040261	-0.0509084298	-0.085049718	-0.0756354403	0.0	-0.0420925	0.00480867	0.124408	0.00165669	0.000366855	-0.000499688	0.03007747	0.0470002919	0.0351955279	-0.0313857799	0.0963069456	0.0017047317	0.04001892
0.0640550043	0.0072419355	-0.0533958026	-0.0858337192	-0.0729404401	0.0	-0.0420606	0.0054837	0.142615	0.00154893	0.000214983	-0.000567637	-0.0102986587	-0.0754945723	0.0675019316	-0.0121054818	0.0105682447	-0.0041732537	0.0352929799999999
0.0633492233	0.005175743	-0.0558151306	-0.0864232793	-0.06998729	0.0	-0.0420567	-0.0124684	0.138173	0.00172371	0.000239195	-0.000664357	-0.0005930382	0.000344749	-0.1391768378	0.0313053115	0.008953489	0.0253605902	0.0371836
0.0626344715	0.0031066189	-0.0581633306	-0.086817063	-0.0667864415	0.0	-0.0624071	-0.00018899	0.136367	0.00170671	0.00043962	-0.000680274	0.0565960634	0.0812722917	-0.004126668	0.0304999403	0.0206455446	-0.0016528593	0.04610291
0.0619108502	0.0010357352	-0.0604374102	-0.0870141781	-0.0633492233	0.0	-0.062413	-0.00130321	0.147375	0.00155296	0.000626192	-0.0007973099999999	0.0329381249	-0.0387262735	0.0504829506	-0.0200218968	-0.0404555991	-0.0805435236	0.03499602
0.0611784619	-0.0010357352	-0.0626344715	-0.0870141781	-0.0596878001	0.0	-0.052943	-0.00320401	0.150402	0.00180927	0.000467532	-0.000523469	-0.0097608755	-0.0683491755	-0.0862932174	0.0014390109	0.0402393017	-0.0206807496	0.04883835
0.0604374102	-0.0031066189	-0.0647517147	-0.086817063	-0.0558151306	0.0	-0.0624152	0.00843833	0.136333	0.00192869	0.000712183	-0.000516856	0.0003126635	0.0921451378	-0.0322161326	-0.0053703015	0.0972814142	-0.0426516533	0.05371774
0.0596878001	-0.005175743	-0.0667864415	-0.0864232793	-0.0517449207	0.0	-0.055488	0.0054585	0.159978	0.00152975	0.000558545	-0.00072884	0.0076222131	0.0762160685	0.0682770467	0.0180824759	0.0224922663	-0.1051177017	0.07178013
0.0589297378	-0.0072419355	-0.0687360592	-0.0858337192	-0.0474915758	0.0	-0.0550933	6.52741e-05	0.13635	0.0017521	0.000466033	-0.000663111	0.0264776494	-0.0734008754	0.0363351986	-0.0448444182	0.0002507753	0.0237256462	0.0484454759
0.0581633306	-0.0093040261	-0.0705980832	-0.085049718	-0.0430701492	0.0	-0.0531366	0.0095202	0.149801	0.00170786	0.00045745	-0.0007295809999999	0.0129000648	-0.0827798795	-0.0580367953	-0.0365340385	0.0483477384	0.0074770306	0.0308272758999999
0.057388687	-0.0113608468	-0.0723701406	-0.0840730518	-0.0384962892	0.0	-0.0540389	-0.030256	0.049347	0.00349893	0.000712183	-0.000658994	-0.0908604914	0.0860734448	0.0174616369	-0.0241660888	0.0005243799	0.0439360121	0.246952
0.0566059167	-0.0134112326	-0.0740499731	-0.0829059332	-0.0337861836	0.0	-0.0417667	0.0152412	0.0689554	0.0024151	0.000712183	-0.00072056	-0.125411057	0.0841255478	-0.0004364194	-0.0900416887	-0.1939210201	-0.0542076406	0.1346476
0.0558151306	-0.0154540221	-0.0756354403	-0.0815510059	-0.0289565022	0.0	-0.0525026	-0.0122422	0.0712629	0.00276771	0.000712183	-0.000567365	-0.0332885182	0.0904112343	0.0659070261	-0.0463190765	-0.0556257368	-0.0006140759	0.06581705
0.0550164406	-0.0174880583	-0.0771245214	-0.0800113394	-0.0240243384	0.0	-0.0525024	0.00458483	0.0777929	0.00235075	0.000712182	-0.000640869	-0.0177254098	-0.0429367837	0.0479778149	-0.0417214387	-0.1050841503	-0.0217463656	0.04788048
0.0542099599	-0.0195121891	-0.0785153191	-0.0782904215	-0.0190071478	0.0	-0.046258	0.00623495	0.100718	0.0029214	0.000647936	-0.000620162	-0.1026225291	-0.0104705842	-0.0414876188	-0.0087668882	-0.0780879247	-0.033800308	0.06359977
0.0533958026	-0.021525268	-0.0798060608	-0.0763921506	-0.0139226874	0.0	-0.0437278	0.00338934	0.0994525	0.00243861	0.000712182	-0.00060557	-0.0752063563	0.050284153	0.0687196848	0.0393117702	-0.0060797552	0.0053446614	0.03472271
0.0525740841	-0.0235261547	-0.0809951018	-0.0743208269	-0.0087889519	0.0	-0.0524769	0.0144925	0.0978129	0.00232995	0.000490882	-0.000402049	0.00103534	-0.0158819072	0.0648916685	0.0653040194	-0.1032730147	-0.0203007238	0.04816591
0.0517449207	-0.025513716	-0.0820809269	-0.0720811426	-0.0036241107	0.0	-0.0524971	-0.006395	0.120788	0.00219824	0.000712182	-0.000750371	0.0195767891	-0.0265611881	-0.0651912482	-0.0033019431	-0.1094300756	-0.0938881365	0.0789494
0.0509084298	-0.027486826	-0.0830621521	-0.0696781714	0.0015535569	0.0	-0.0473532	-0.0244111	0.107033	0.00241886	0.000712182	-0.000535224	0.0116415153	0.0622520492	-0.0143780319	-0.1178422136	0.0020261452	0.0503062538	0.05870335
0.0500647299	-0.0294443672	-0.0839375273	-0.0671173566	0.0067257263	0.0	-0.047188	0.0121473	0.114105	0.00240783	0.0006104	-0.000752051	0.0006421522	-0.100294582	0.0893516886	-0.1231687426	0.060704002	0.0036250757	0.0602775499999999
0.0492139405	-0.0313852308	-0.0847059367	-0.0644044995	0.0118740919	0.0	-0.0525041	-0.00324487	0.134479	0.00267294	0.000712182	-0.0008028599999999	-0.1037544902	-0.0232584323	-0.0833768189	-0.1173418542	0.0204924234	-0.0389134249	0.0619673199999999
0.0483561819	-0.0333083174	-0.0853664013	-0.0615457455	0.016980433	0.0	-0.0343406	-0.0129986	0.125191	0.00276643	0.000712182	-0.00071706	-0.0439226913	-0.0060014157	0.0946368226	-0.0331035641	0.0693241417	0.0126847107	0.0461697299999999
0.0474915758	-0.0352125379	-0.0859180793	-0.0585475706	0.022026677	0.0	-0.0440744	0.00736861	0.132364	0.00240489	0.000712182	-0.0007486609999999	0.0092641875	-0.0702381236	0.0154737653	-0.0045804277	-0.0072347982	0.0494141813	0.05693106
0.0466202445	-0.0370968136	-0.0863602677	-0.0554167665	0.0269949645	0.0	-0.0462688	-0.00702435	0.138938	0.00261419	0.000712182	-0.000720687	-0.055945788	0.0722661378	-0.0848983487	0.0343812752	-0.0622688919	-0.0414758548	0.03502506
0.0457423114	-0.0389600773	-0.086692403	-0.0521604257	0.0318677118	0.0	-0.0525044	-0.0116839	0.138843	0.00266945	0.000712182	-0.000402049	0.0126892519	0.0351824206	0.069173181	0.037783242	-0.0489531714	0.0656496837	0.02968505
0.0448579009	-0.0408012736	-0.086914062	-0.0487859248	0.0366276731	0.0	-0.0524984	0.0280034	0.149474	0.00274413	0.000641025	-0.000615872	0.0272163014	-0.0362998141	-0.0402537548	0.0383859148	-0.0744357992	0.0008092568	0.0683073
0.0439671381	-0.0426193597	-0.0870249621	-0.045300908	0.0412580022	0.0	-0.052511	-0.00414001	0.160888	0.00273342	0.000712182	-0.000762621	-0.0548490534	0.0384339855	-0.0372514987	-0.0069535583	0.0074065316	-0.0142130153	0.05500081
0.0430701492	-0.0444133056	-0.0870249621	-0.0417132701	0.0457423114	0.0	-0.0418999	0.0172568	0.153477	0.00311959	0.000712182	-0.000624495	0.0072536465	-0.0286489918	0.0933431473	-0.0002263626	0.0243701431	0.0582112626	0.06563371
0.0421670613	-0.0461820954	-0.086914062	-0.0380311382	0.0500647299	0.0	-0.0430537	0.0139141	0.158336	0.00289863	0.000712182	-0.000776341	-0.0599763702	-0.0728224079	-0.002142473	0.0493809971	0.0069779522	-0.0359654137	0.0279958
0.0412580022	-0.0479247272	-0.086692403	-0.0342628536	0.0542099599	0.0	-0.045752	-0.00850763	0.184988	0.00311892	0.000902802	-0.000743361	-0.077945259	-0.0482037312	-0.0595904891	0.023788792	0.0135077508	0.0371325396	0.07396653
0.0403431006	-0.0496402139	-0.0863602677	-0.0304169526	0.0581633306	0.0	-0.0487431	-0.00641362	0.16935	0.00336909	0.000895734	-0.000710686	-0.0568881449	0.0689144237	-0.0127105051	-0.0046298899	0.0613982342	0.0069984052	0.03521876
0.0394224862	-0.0513275838	-0.0859180793	-0.0265021474	0.0619108502	0.0	-0.0453516	0.00921428	0.183353	0.00309611	0.00118121	-0.000695897	-0.0033514857	-0.0051384178	0.0879621215	-0.0558957379	0.0422613392	-0.091017332	0.0616846499999999
0.0384962892	-0.0529858813	-0.0853664013	-0.0225273063	0.0654392557	0.0	-0.0465263	-0.00300705	0.193388	0.00340551	0.00103695	-0.000595959	-0.0554852447	-0.1191965143	-0.0037082602	-0.0284393819	0.0599823601	-0.0317646776	0.05111093
0.0375646409	-0.054614167	-0.0847059367	-0.0185014337	0.0687360592	0.0	-0.0487572	-0.00638995	0.18913	0.00342447	0.00100729	-0.0007226049999999	-0.0547174545	0.0690700221	-0.0048534723	0.0503519043	0.1141054632	0.1197571527	0.0186351
0.0366276731	-0.0562115186	-0.0839375273	-0.0144336493	0.0717895928	0.0	-0.048759	0.0070964	0.189265	0.00270112	0.00101081	-0.0007816369999999	-0.0308101884	-0.0212772148	0.101405252	0.0370939434	-0.0197034213	-0.0757768945	0.05291825
0.0356855186	-0.0577770315	-0.0830621521	-0.0103331681	0.0745890495	0.0	-0.0425757	-0.00649	0.193793	0.00308076	0.000964927	-0.000702872	-0.0347449934	-0.059331366	-0.0595763365	0.0749481804	-0.0256155591	-0.0101714122	0.0495121
0.0347383107	-0.0593098188	-0.0820809269	-0.0062092789	0.0771245214	0.0	-0.048715	0.011055	0.187928	0.00310985	0.000712182	-0.000685846	0.0032551013	0.110725614	-0.0276045745	0.1398060318	0.0287096899	0.0791652435	0.0444923499999999
0.0337861836	-0.0608090124	-0.0809951018	-0.0020713237	0.0793870351	0.0	-0.0487609	0.0167477	0.198481	0.00269717	0.00101012	-0.000723723	0.0458431646	0.0059054312	0.0540354622	0.045857866	-0.1464346992	-0.0615921906	0.0537163499999999
0.0328292721	-0.0622737632	-0.0798060608	0.0020713237	0.081368583	0.0	-0.0487551	-3.72055e-05	0.203089	0.00287377	0.00100417	-0.000664317	0.0710891243	-0.019968685	-0.0704786237	0.0540384441	-0.1421330256	-0.0148259449	0.0334965054999999
0.0318677118	-0.0637032414	-0.0785153191	0.0062092789	0.0830621521	0.0	-0.0487104	0.0126304	0.195242	0.0028458	0.000712183	-0.000763999	0.058913025	0.0855684132	-0.113587778	0.0005253688	-0.094336301	0.0332245638	0.0415412555
0.0309016387	-0.0650966374	-0.0771245214	0.0103331681	0.0844617486	0.0	-0.0487782	-0.00649722	0.195041	0.00289164	0.00106878	-0.0008062259999999	0.0281949389	0.1051135909	-0.0022237566	-0.0280929962	-0.0214812075	-0.0503335591	0.04162962
0.0299311897	-0.0664531621	-0.0756354403	0.0144336493	0.0855624189	0.0	-0.0487306	-0.00650199	0.195069	0.0029611	0.0008816279999999	-0.000806896	0.0708308087	-0.029186798	0.0432130277	-0.0305748423	0.0517113775	0.0157574519	0.01294447
0.0289565022	-0.0677720469	-0.0740499731	0.0185014337	0.0863602677	0.0	-0.0487094	0.0116669	0.194615	0.00280421	0.000712183	-0.0007833649999999	-0.0030760996	-0.0813207312	-0.0420177565	-0.009445393	0.0770642969	0.0303704129	0.0361373899999999
0.0279777143	-0.0690525449	-0.0723701406	0.0225273063	0.0868524712	0.0	-0.0487448	0.012751	0.184239	0.0026602	0.0008828609999999	-0.000824815	-0.0241313805	0.0841649142	0.0326217492	0.0258918807	0.0482392921	0.0829669015	0.0293023999999999
0.0269949645	-0.0702939308	-0.0705980832	0.0265021474	0.0870372873	0.0	-0.0487057	-0.00658235	0.20519	0.00254565	0.000712183	-0.000673054	0.013162596	-0.0930436391	0.0433678963	0.0892587868	0.0408416681	0.0547644842	0.0621729
0.0260083921	-0.0714955015	-0.0687360592	0.0304169526	0.086914062	0.0	-0.0487034	-0.00269868	0.189648	0.00273039	0.000712183	-0.000664821	0.0436541953	-0.0639309942	-0.0614230769	0.150503589	-0.0379721679	0.0278564988	0.02907662
0.0250181366	-0.0726565764	-0.0667864415	0.0342628536	0.0864832314	0.0	-0.0486914	0.00519834	0.202201	0.00284159	0.000712183	-0.000810801	0.0260721059	0.0851201967	-0.0543735939	0.0815622266	-0.0144105284	-0.0044027983	0.0333210199999999
0.0240243384	-0.0737764979	-0.0647517147	0.0380311382	0.0857463203	0.0	-0.0487381	-0.00653479	0.201484	0.00287758	0.000916971	-0.0007827809999999	0.062208991	0.0533753241	0.0769229307	0.0898096184	-0.0986375745	0.0207008663	0.0259367299999999
0.0230271381	-0.0748546315	-0.0626344715	0.0417132701	0.0847059367	0.0	-0.0487112	-0.00652015	0.183984	0.00303771	0.000712183	-0.000600234	0.0530681262	-0.0491467659	0.0043808797	0.0257425848	-0.0859146286	0.0533085074	0.0449147899999999
0.022026677	-0.0758903667	-0.0604374102	0.045300908	0.0833657629	0.0	-0.0487661	-0.00646671	0.188221	0.00327308	0.00103354	-0.000755193	-0.0107465833	0.016875313	-0.0855325335	-0.0098879357	0.0325201697	-0.0559671769	0.0399296399999999
0.0210230968	-0.0768831168	-0.0581633306	0.0487859248	0.0817305418	0.0	-0.0487077	-0.00145621	0.176039	0.00272159	0.000712183	-0.000786025	0.009856469	0.0207062097	0.0857421857	-0.0107644052	0.0338441572	-0.0398682186	0.0624348499999999
0.0200165396	-0.0778323194	-0.0558151306	0.0521604257	0.0798060608	0.0	-0.0487134	-0.00372467	0.193573	0.00282868	0.000712183	-0.00070614	0.040509026	-0.0759267622	0.0215823349	0.0012100416	0.0269979407	0.0749434024	0.02915691
0.0190071478	-0.078737437	-0.0533958026	0.0554167665	0.0775991312	0.0	-0.0486997	0.0106883	0.201803	0.00322181	0.000712183	-0.000730038	0.0333488292	-0.0352048514	-0.1209601462	0.0307698192	0.0006487043	0.0889392735	0.04350807
0.0179950645	-0.0795979569	-0.0509084298	0.0585475706	0.0751175635	0.0	-0.051074	-0.00152281	0.196028	0.00298747	0.000917318	-0.000758221	0.0087876961	0.0869395044	-0.0346304002	-0.0229500276	-0.0028816742	-0.0069617524	0.0437433099999999
0.016980433	-0.0804133917	-0.0483561819	0.0615457455	0.0723701406	0.0	-0.0487518	-0.0014135	0.200284	0.00279341	0.000936707	-0.000753662	0.0379132789	0.0199626214	0.0855321423	-0.0503231838	-0.0192050507	-0.0107092793	0.0175879099999999
0.0159633969	-0.0811832795	-0.0457423114	0.0644044995	0.069366586	0.0	-0.0487525	0.0157797	0.193036	0.00300291	0.0008946009999999	-0.000801443	0.0499567476	-0.0681124629	0.0306533245	-0.0160528012	0.0367382282	0.0537576887	0.0394112499999999
0.0149441002	-0.0819071842	-0.0430701492	0.0671173566	0.06611753	0.0	-0.0487688	0.0185292	0.228322	0.0030002	0.00100564	-0.000686569	0.0026737657	-0.0455656517	-0.0836976705	-0.0127091425	-0.0399444216	-0.0550694393	0.0494829499999999
0.0139226874	-0.0825846958	-0.0403431006	0.0696781714	0.0626344715	0.0	-0.0487519	-0.00933718	0.231785	0.00320536	0.00092618	-0.00073183	0.0004185661	0.0485267768	-0.0767022038	0.0034589228	0.0279405385	0.0005614643	0.0478403299999999
0.012899303	-0.0832154305	-0.0375646409	0.0720811426	0.0589297378	0.0	-0.0448817	-0.00643263	0.240656	0.00349965	0.00115614	-0.0007332569999999	0.041694076	0.0892278235	-0.0048117844	-0.0146230919	0.0090082126	-0.043631267	0.0419296
0.0118740919	-0.0837990311	-0.0347383107	0.0743208269	0.0550164406	0.0	-0.0488027	0.0152633	0.2337	0.00312138	0.0010918	-0.000784794	0.1398908084	0.05315661	0.0426929212	0.0176613683	-0.0188347257	-0.0019302313	0.05728028
0.0108471994	-0.0843351671	-0.0318677118	0.0763921506	0.0509084298	0.0	-0.0449073	0.0116293	0.233424	0.00304638	0.00113165	-0.000740105	0.0362266245	-0.0855253554	0.0198342423	-0.0803999214	-0.0718020762	-0.1209740435	0.01578235
0.0098187709	-0.0848235348	-0.0289565022	0.0782904215	0.0466202445	0.0	-0.041195	-0.00647596	0.238057	0.00333758	0.00109454	-0.000771284	0.0474175399	-0.0609486732	-0.1002207918	-0.0329533218	0.0916330394	0.0891753329	0.04442501
0.0087889519	-0.0852638575	-0.0260083921	0.0800113394	0.0421670613	0.0	-0.0487792	0.0113255	0.259563	0.00381544	0.00102439	-0.000765885	-0.0116303935	0.0495825458	-0.0665074868	-0.0653089332	0.1327069752	-0.0647216061	0.0745621099999999
0.0077578884	-0.0856558858	-0.0230271381	0.0815510059	0.0375646409	0.0	-0.0488222	0.00702818	0.272372	0.00308141	0.00114039	-0.000820616	0.0600909864	0.0314902645	0.0372720592	-0.0205968275	0.154610961	-0.0593723569	0.06238737
0.0067257263	-0.0859993978	-0.0200165396	0.0829059332	0.0328292721	0.0	-0.048771	-0.00650648	0.26797	0.00315455	0.000953238	-0.000758995	0.0236054003	-0.0780601374	0.0720099167	-0.0602437874	0.093520471	0.0021519558	0.03408351
0.0056926117	-0.0862941987	-0.016980433	0.0840730518	0.0279777143	0.0	-0.0488393	0.0106024	0.260148	0.0033712	0.00135218	-0.0007218339999999	0.0438869436	-0.1088909558	-0.0538305901	0.0073999137	0.1548505878	0.1134476066	0.05763683
0.0046586911	-0.0865401218	-0.0139226874	0.085049718	0.0230271381	0.0	-0.0487263	0.00608166	0.194531	0.00391398	0.00081831	-0.000402049	-0.2077411748	0.0175106304	0.0025017765	-0.1200378589	-0.0709736917	-0.1386624405	0.1400724899999999
0.0036241107	-0.0867370275	-0.0108471994	0.0858337192	0.0179950645	0.0	-0.0139164	-0.0582763	0.0574173	0.00568944	0.00126271	-0.000148255	-0.2478572953	0.006426256	0.0419777262	-0.1491619024	-0.1978649747	-0.0217598179	0.35996426
0.0025890171	-0.0868848045	-0.0077578884	0.0864232793	0.012899303	0.0	-0.0258861	-0.0200432	0.140289	0.00496485	0.00146498	-0.000402049	-0.032303891	0.0451088571	-0.0579735334	-0.0194174828	-0.0704652	0.1209356473	0.1921072
0.0015535569	-0.0869833691	-0.0046586911	0.086817063	0.0077578884	0.0	-0.033087	-0.0139616	0.184017	0.00463504	0.00149074	-0.000345141	-0.0691810247	0.0254573761	0.0792401152	-0.0705450517	-0.0262880584	0.0193850604	0.0776343999999999
0.0005178768	-0.0870326653	-0.0015535569	0.0870141781	0.0025890171	0.0	-0.0331588	-0.00648587	0.178169	0.00475381	0.00133098	-0.000294951	-0.0526992624	-0.07234523	0.0792235426	-0.0081551407	0.0659940903	0.1059423516	0.0298315299999999
-0.0005178768	-0.0870326653	0.0015535569	0.0870141781	-0.0025890171	0.0	-0.0355326	0.0127693	0.182465	0.0044217	0.00137852	-0.000402049	-0.0953444545	-0.012219869	-0.0365727524	0.0007066383	-0.0717220431	0.0432842278	0.0502623699999999
-0.0015535569	-0.0869833691	0.0046586911	0.086817063	-0.0077578884	0.0	-0.0347766	-0.0106934	0.205669	0.00448443	0.00137833	-0.000402049	-0.0699849361	0.0608383824	0.0398860186	0.0632809942	0.0257216159	0.0346225102	0.0505687
-0.0025890171	-0.0868848045	0.0077578884	0.0864232793	-0.012899303	0.0	-0.0304737	0.00202484	0.185465	0.00450283	0.00132375	-0.000402049	-0.0102847365	-0.0107110402	0.0854466703	0.0830857141	-0.0217279791	0.0404768427	0.04087414
-0.0036241107	-0.0867370275	0.0108471994	0.0858337192	-0.0179950645	0.0	-0.0362656	0.020759	0.188354	0.00409738	0.00117048	-0.000402049	-0.0089416378	-0.0409214222	0.0028714608	0.0930470459	-0.0628882084	0.0523965575	0.05535106
-0.0046586911	-0.0865401218	0.0139226874	0.085049718	-0.0230271381	0.0	-0.030455	0.00381899	0.185021	0.00410594	0.00103576	-0.000402049	-0.0611336631	-0.0241923615	-0.0462615922	0.0281894379	-0.1532399856	-0.0180295527	0.0332476099999999
-0.0056926117	-0.0862941987	0.016980433	0.0840730518	-0.0279777143	0.0	-0.0301977	-0.0140288	0.191564	0.00448103	0.00117361	-0.000402049	0.0042623731	0.0776943774	-0.0360066005	-0.0156514682	0.0038471134	0.0544846261	0.05029509
-0.0067257263	-0.0859993978	0.0200165396	0.0829059332	-0.0328292721	0.0	-0.0261978	-0.0058416	0.194537	0.00470563	0.00146822	-0.000402049	0.0150385276	0.0955762493	0.0477801814	-0.0371659037	0.010434878	0.0387303564	0.0411205999999999
-0.0077578884	-0.0856558858	0.0230271381	0.0815510059	-0.0375646409	0.0	-0.0281536	0.00367666	0.203481	0.00456952	0.00136771	-0.000402049	0.0117418098	0.008745082	0.1301299006	-0.0432636761	-0.0099016343	0.0581588	0.03224906
-0.0087889519	-0.0852638575	0.0260083921	0.0800113394	-0.0421670613	0.0	-0.0277649	-0.0139729	0.207019	0.00480993	0.00138038	-0.000525659	-0.0071642381	-0.0513396174	0.0893835037	-0.0549865844	-0.0108815963	-0.0412045133	0.04041076
-0.0098187709	-0.0848235348	0.0289565022	0.0782904215	-0.0466202445	0.0	-0.0276638	-0.00159091	0.223606	0.004668	0.00140195	-0.000402049	0.004083767	-0.0916540567	-0.0090337543	-0.0117020077	0.0817618121	-0.0268182509	0.0434255899999999
-0.0108471994	-0.0843351671	0.0318677118	0.0763921506	-0.0509084298	0.0	-0.0287838	-0.00274891	0.243657	0.00481664	0.00133144	-0.000402049	-0.0750975881	0.0062061316	-0.0632414823	-0.0099813187	0.0386675316	-0.1255791089	0.0332864999999999
-0.0118740919	-0.0837990311	0.0347383107	0.0743208269	-0.0550164406	0.0	-0.0265093	-0.0082907899999999	0.260283	0.00463685	0.00136795	-0.000402049	-0.0365352202	0.0015867586	0.0951557344	0.0190667976	0.1060185588	-0.0175546631	0.0352573799999999
-0.012899303	-0.0832154305	0.0375646409	0.0720811426	-0.0589297378	0.0	-0.0224424	0.00870165	0.269015	0.00427909	0.00112686	-0.000402049	0.0032989709	-0.0673335012	0.0278986325	0.0982114768	0.0367603399	0.0052539579	0.0597338399999999
-0.0139226874	-0.0825846958	0.0403431006	0.0696781714	-0.0626344715	0.0	-0.0352937	0.0028125	0.297692	0.00410539	0.00132698	-0.00059185	0.0648621002	-0.0190930569	-0.068102475	0.1148491436	0.0211278381	-0.0069130825	0.0755984999999999
-0.0149441002	-0.0819071842	0.0430701492	0.0671173566	-0.06611753	0.0	-0.0330957	-0.0139035	0.318827	0.00469369	0.00111879	-0.000402049	0.024344273	0.0912178487	-0.0895959608	0.103934262	0.0312539781	-0.0534027353	0.08936355
-0.0159633969	-0.0811832795	0.0457423114	0.0644044995	-0.069366586	0.0	-0.0353667	-0.0139893	0.310383	0.00439407	0.00139261	-0.000402049	0.089581163	0.0305400645	0.0500296516	0.0772119013	0.0416016128	-0.0507381008	0.0394728
-0.016980433	-0.0804133917	0.0483561819	0.0615457455	-0.0723701406	0.0	-0.033988	-0.00100466	0.302602	0.00435583	0.00119585	-0.000551413	0.0778367202	-0.0727166469	-0.0296776278	0.0164637295	0.0275001951	-0.0663692098	0.04136254
-0.0179950645	-0.0795979569	0.0509084298	0.0585475706	-0.0751175635	0.0	-0.0339546	-0.0140287	0.286487	0.00425554	0.00123374	-0.000601412	0.0263112112	0.0111865238	-0.0792515299	0.0049784261	0.0417990545	-0.0109496254	0.0385813899999999
-0.0190071478	-0.078737437	0.0533958026	0.0554167665	-0.0775991312	0.0	-0.0348801	-0.0321069	0.294603	0.00437373	0.00128706	-0.000402049	-0.0050586055	0.0632171617	-0.0700755171	-0.03349167	0.0616614065	-0.0466245625	0.0456633499999999
-0.0200165396	-0.0778323194	0.0558151306	0.0521604257	-0.0798060608	0.0	-0.0292123	-0.0138409	0.277104	0.00436491	0.00123146	-0.000508165	0.0709768303	0.0700041618	0.0140051237	-0.0182487429	0.0686255455	0.0141007322	0.0499596
-0.0210230968	-0.0768831168	0.0581633306	0.0487859248	-0.0817305418	0.0	-0.0329641	-0.00716592	0.276467	0.00390939	0.00125278	-0.000555836	0.1005257315	-0.0119284451	0.0719034338	-0.0502785504	-0.0400692226	-0.0755777224	0.03728933
-0.022026677	-0.0758903667	0.0604374102	0.045300908	-0.0833657629	0.0	-0.0327567	-0.00531467	0.294986	0.00414676	0.00116305	-0.000402049	0.0870660224	-0.0259503263	-0.0797171751	-0.0026493059	-0.0549963215	-0.0402441336	0.044622
-0.0230271381	-0.0748546315	0.0626344715	0.0417132701	-0.0847059367	0.0	-0.0343157	-0.0133645	0.263146	0.00419917	0.00124206	-0.000402049	0.0471076945	0.0507486267	-0.0882025468	-0.0315630305	-0.0233767376	-0.0317706104	0.04801983
-0.0240243384	-0.0737764979	0.0647517147	0.0380311382	-0.0857463203	0.0	-0.0349189	0.00458532	0.276357	0.00398893	0.00142716	-0.000597959	0.093183737	0.0830536351	0.059678344	0.0197187773	0.0158238089	0.0430138214	0.06132652
-0.0250181366	-0.0726565764	0.0667864415	0.0342628536	-0.0864832314	0.0	-0.0331465	0.0084754	0.294878	0.00424946	0.00114479	-0.000510317	0.0979618446	0.0041439029	0.0665588547	-0.0078041199	-0.0478659051	-0.090504902	0.0557105799999999
-0.0260083921	-0.0714955015	0.0687360592	0.0304169526	-0.086914062	0.0	-0.0345624	-0.0128369	0.272041	0.00398302	0.00128305	-0.000523486	0.0720254535	-0.076759476	-0.0422290568	-0.0352557406	-0.0627603487	-0.0711690909	0.0664586499999999
-0.0269949645	-0.0702939308	0.0705980832	0.0265021474	-0.0870372873	0.0	-0.0433304	0.0038792	0.275626	0.00418486	0.00116303	-0.000562756	0.0200435185	0.0585696062	-0.0956565591	-0.0507529507	0.0228916092	-0.0481391998	0.0471256
-0.0279777143	-0.0690525449	0.0723701406	0.0225273063	-0.0868524712	0.0	-0.0353015	0.00117963	0.291173	0.00409668	0.00136631	-0.000557165	0.0447860575	0.0526827432	0.0802552755	-0.0585435578	0.0851767723	-0.0589926453	0.04112802
-0.0289565022	-0.0677720469	0.0740499731	0.0185014337	-0.0863602677	0.0	-0.0336516	0.00589103	0.282363	0.00415383	0.00121281	-0.00056502	0.0453335491	-0.0934469581	0.056080742	-0.0568888565	0.0058359563	0.0067510341	0.02609655
-0.0299311897	-0.0664531621	0.0756354403	0.0144336493	-0.0855624189	0.0	-0.0336658	-0.0082377	0.288117	0.00456468	0.00129897	-0.000402049	0.0669646015	-0.0653661452	-0.0559616822	-0.0008280665	-0.0096738947	0.063199515	0.05289598
-0.0309016387	-0.0650966374	0.0771245214	0.0103331681	-0.0844617486	0.0	-0.0372816	0.0078584499999999	0.307793	0.00454354	0.00123323	-0.000622174	0.0186999321	0.0436395256	-0.0844969882	-0.0324063763	0.0061581258	-0.0845770725	0.0547381999999999
-0.0318677118	-0.0637032414	0.0785153191	0.0062092789	-0.0830621521	0.0	-0.0336648	-0.0126746	0.317176	0.00463544	0.00117825	-0.000517012	0.0216247493	0.0802310338	0.0345265208	-0.0601455296	0.0568974512	0.0515373918	0.04613495
-0.0328292721	-0.0622737632	0.0798060608	0.0020713237	-0.081368583	0.0	-0.0336291	-0.0126787	0.263236	0.00456077	0.00103001	-0.000402049	-0.0339380606	-0.0410892809	0.076466053	-0.0857495055	-0.0908711388	-0.0425038611	0.07087345
-0.0337861836	-0.0608090124	0.0809951018	-0.0020713237	-0.0793870351	0.0	-0.024283	-0.0335775	0.220224	0.00467875	0.00107681	-0.000402049	-0.054634914	-0.0596875765	-0.0237360851	-0.0959596224	-0.113403728	-0.070983967	0.0814959
-0.0347383107	-0.0593098188	0.0820809269	-0.0062092789	-0.0771245214	0.0	-0.0336465	0.0085492199999999	0.279596	0.00412475	0.00122224	-0.000679991	0.0427471451	-0.0525213634	-0.0230949441	-0.0160598367	-0.0085617105	0.0823939822	0.15973082
-0.0356855186	-0.0577770315	0.0830621521	-0.0103331681	-0.0745890495	0.0	-0.0337034	-0.025199	0.344961	0.00481916	0.00145055	-0.000402049	-0.0370182816	-0.0167800277	-0.0816077022	-0.0373056508	-0.0069143291	-0.0074744068	0.15920322
-0.0366276731	-0.0562115186	0.0839375273	-0.0144336493	-0.0717895928	0.0	-0.0364062	-0.0150155	0.341002	0.00505892	0.00143368	-0.000714524	0.0248378022	0.0493105626	0.0321572548	-0.010287907	0.1412771295	0.0529160144	0.0453005499999999
-0.0375646409	-0.054614167	0.0847059367	-0.0185014337	-0.0687360592	0.0	-0.0410738	0.0158328	0.352775	0.00506343	0.00132272	-0.000749511	0.0226781861	-0.0632714609	0.0656495872	0.0087354778	-0.0006676411	-0.0919049948	0.0548117499999999
-0.0384962892	-0.0529858813	0.0853664013	-0.0225273063	-0.0654392557	0.0	-0.0416216	-0.0250553	0.386201	0.00506999	0.00124289	-0.0007528069999999	0.0108623784	-0.0765399509	-0.0722473792	0.0454539516	0.0790358187	0.0024491287	0.0793462
-0.0394224862	-0.0513275838	0.0859180793	-0.0265021474	-0.0619108502	0.0	-0.0510597	0.0306528	0.347408	0.0046986	0.000994937	-0.000792715	0.0110658307	0.0570294728	-0.0946882371	-0.053902002	-0.0193904969	-0.0632749523	0.13690175
-0.0403431006	-0.0496402139	0.0863602677	-0.0304169526	-0.0581633306	0.0	-0.0507619	0.0767928999999999	0.287742	0.00427419	0.00123076	-0.000905203	-0.0637189963	0.0426259718	-0.0416638448	-0.1702679826	-0.0682112543	0.0672398916	0.14473995
-0.0412580022	-0.0479247272	0.086692403	-0.0342628536	-0.0542099599	0.0	-0.0716737	-0.0396707	0.321192	0.00467214	0.000950814	-0.00120288	0.0349867566	0.0638227254	-0.0715718453	-0.074875309	-0.0237707586	0.1160200664	0.21960405
-0.0421670613	-0.0461820954	0.086914062	-0.0380311382	-0.0500647299	0.0	-0.0718412	-0.120385	0.39755	0.00511684	0.00149988	-0.0008529409999999	0.0035537135	0.076327449	-0.004901356	-0.1748238383	0.0751737082	0.0382207239	0.22442505
-0.0430701492	-0.0444133056	0.0870249621	-0.0417132701	-0.0457423114	0.0	-0.0512897	-0.011705	0.245526	0.00393675	0.00143325	-0.0008529409999999	0.0152764796	-0.0777312511	0.0371314156	-0.0228480629	0.0114139292	0.0794794892	0.3435915
-0.0439671381	-0.0426193597	0.0870249621	-0.045300908	-0.0412580022	0.0	-0.0635915	-0.0361652	0.201196	0.00409037	0.0013485	-0.0008529409999999	-0.1526314642	0.0292707756	-0.022991243	-0.0328185676	-0.1261778992	-0.0033753443	0.0930104999999999
-0.0448579009	-0.0408012736	0.086914062	-0.0487859248	-0.0366276731	0.0	-0.0605351	-0.0209517	0.230529	0.00564705	0.00174178	-0.0007528129999999	-0.1588071916	0.0556729545	0.0679751955	-0.0591286624	-0.1782408488	0.2557333989	0.1501072999999999
-0.0457423114	-0.0389600773	0.086692403	-0.0521604257	-0.0318677118	0.0	-0.0538505	0.0177948	0.243246	0.00569934	0.00174178	-0.000742885	-0.1401843594	-0.0835285257	0.1150380592	0.0436002656	-0.0461589256	0.0939292221	0.0612589999999999
-0.0466202445	-0.0370968136	0.0863602677	-0.0554167665	-0.0269949645	0.0	-0.0598086	0.0202495	0.295195	0.00579459	0.00152989	-0.000713093	-0.2310734721	-0.1088478765	0.0115181348	0.0532264908	-0.0161856878	0.0600700949	0.0772083999999999
-0.0474915758	-0.0352125379	0.0859180793	-0.0585475706	-0.022026677	0.0	-0.0454418	0.0330502	0.250357	0.00545104	0.00122143	-0.000548627	-0.2350066096	-0.0129702144	0.0844386309	0.0555992729	0.0354535274	0.1148019479	0.1128292999999999
-0.0483561819	-0.0333083174	0.0853664013	-0.0615457455	-0.016980433	0.0	-0.045506	0.017736	0.313425	0.00535027	0.00138686	-0.00055018	-0.1786233396	0.0244525755	0.037655043	0.0784552637	-0.03432246	0.1602273596	0.09183405
-0.0492139405	-0.0313852308	0.0847059367	-0.0644044995	-0.0118740919	0.0	-0.0388293	-0.021336	0.317132	0.00483056	0.00122143	-0.000477903	-0.0781074917	0.0282088243	0.0266232569	0.1867673077	0.0500247427	0.0154465247	0.08732655
-0.0500647299	-0.0294443672	0.0839375273	-0.0671173566	-0.0067257263	0.0	-0.0374468	-0.0436431	0.376037	0.00499909	0.00116994	-0.000585425	-0.1227963215	-0.0202591734	0.0952918205	0.1531605278	-0.0013346673	-0.022991392	0.0989716999999999
-0.0509084298	-0.027486826	0.0830621521	-0.0696781714	-0.0015535569	0.0	-0.0454642	-0.0289238	0.3891	0.00465283	0.00122143	-0.000341418	-0.0571103307	-0.0856548797	0.0991735875	0.1583648936	0.0129949028	-0.0132578978	0.0678875499999999
-0.0517449207	-0.025513716	0.0820809269	-0.0720811426	0.0036241107	0.0	-0.035944	-0.0438194	0.429038	0.00446993	0.00110852	-0.000541866	-0.0270768871	-0.0649287833	-0.0635114894	0.1718850197	0.0039388661	-0.1162507981	0.0891666999999999
-0.0525740841	-0.0235261547	0.0809951018	-0.0743208269	0.0087889519	0.0	-0.0329951	-0.0436247	0.453145	0.00502771	0.00122143	-0.00052459	-0.063541221	0.0463836166	-0.0531159756	0.2135863296	-0.002180809	-0.0758840759	0.0616489
-0.0533958026	-0.021525268	0.0798060608	-0.0763921506	0.0139226874	0.0	-0.0392601	-0.0437683	0.451687	0.00457282	0.00116455	-0.000544585	0.013197206	0.0949525888	-0.0009642198	0.1892605653	0.0075042303	-0.0608541429	0.03445485
-0.0542099599	-0.0195121891	0.0785153191	-0.0782904215	0.0190071478	0.0	-0.0355023	-0.0209055	0.443445	0.00420365	0.00111115	-0.000561669	0.0810509019	-0.0101908586	0.040002784	0.1507136629	-0.0435386342	-0.065000707	0.0568453
-0.0550164406	-0.0174880583	0.0771245214	-0.0800113394	0.0240243384	0.0	-0.0331529	-0.0105722	0.44792	0.00446313	0.000726527	-0.000468856	0.025452162	-0.0791326461	-0.0671504602	0.0445438296	-0.0531165529	-0.0390118194	0.0540035
-0.0558151306	-0.0154540221	0.0756354403	-0.0815510059	0.0289565022	0.0	-0.0349363	0.00590875	0.432328	0.00433636	0.000726527	-0.000462916	0.0161622352	0.0723059261	0.0386465001	0.0269824301	0.0833791201	0.0305812031	0.04049185
-0.0566059167	-0.0134112326	0.0740499731	-0.0829059332	0.0337861836	0.0	-0.0273178	0.0183874	0.432333	0.00412931	0.000857535	-0.000481039	0.0196720773	-0.0922701565	0.0774650829	0.0521828523	-0.0152542611	-0.047206394	0.0379112
-0.057388687	-0.0113608468	0.0723701406	-0.0840730518	0.0384962892	0.0	-0.0271632	0.00331929	0.432369	0.00449429	0.000726527	-0.000643864	-0.0377981555	-0.0366258589	-0.0960554175	0.0504530955	0.0145847502	0.0408292827	0.0481993599999999
-0.0581633306	-0.0093040261	0.0705980832	-0.085049718	0.0430701492	0.0	-0.0271634	0.00564267	0.432353	0.00392455	0.000726527	-0.000524271	0.0483795504	0.0819020075	0.0516978912	0.0868991657	0.0245610789	-0.0285561924	0.03680623
-0.0589297378	-0.0072419355	0.0687360592	-0.0858337192	0.0474915758	0.0	-0.0359459	-0.0165337	0.457597	0.0039936	0.000726527	-0.00032531	0.0367479214	-0.0307993597	0.0274760527	0.0746555227	-0.0786176521	-0.0418725192	0.06960342
-0.0596878001	-0.005175743	0.0667864415	-0.0864232793	0.0517449207	0.0	-0.0372662	-0.0046915	0.457602	0.00406676	0.000726527	-0.000546667	0.0381418478	0.0131857878	-0.1029985351	0.0311255337	-0.1067827124	0.0741826615	0.02789335
-0.0604374102	-0.0031066189	0.0647517147	-0.086817063	0.0558151306	0.0	-0.0291758	-0.0117917	0.457609	0.0042466	0.000726527	-0.000420033	0.0356431764	0.1149311049	0.000205914	0.0166959876	-0.060305703	-0.0294316799	0.0305212999999999
-0.0611784619	-0.0010357352	0.0626344715	-0.0870141781	0.0596878001	0.0	-0.0442984	-0.0227365	0.46965	0.00435204	0.0008276769999999	-0.000607567	0.0711090777	0.0581010328	0.0667540004	0.0480161165	-0.0688496776	-0.0086742617	0.0578146
-0.0619108502	0.0010357352	0.0604374102	-0.0870141781	0.0633492233	0.0	-0.0442545	-0.0105911	0.494064	0.00407845	0.000726527	-0.00068566	0.1543935292	0.0121839119	0.0255423461	0.0134286137	-0.1352949798	0.012508976	0.0592449499999999
-0.0626344715	0.0031066189	0.0581633306	-0.086817063	0.0667864415	0.0	-0.0461621	-0.0138283	0.516899	0.00392455	0.000726527	-0.000396979	0.1072637225	-0.0378283585	-0.0949375958	-0.0587704323	-0.1031253094	-0.0184583494	0.05010885
-0.0633492233	0.005175743	0.0558151306	-0.0864232793	0.06998729	0.0	-0.0461037	-0.0169322	0.516878	0.00439624	0.00094428	-0.000671152	0.0367889861	0.0589516331	-0.0720859281	-0.1575581947	0.0351588669	-0.0002135527	0.0513641
-0.0640550043	0.0072419355	0.0533958026	-0.0858337192	0.0729404401	0.0	-0.043893	0.00306252	0.524314	0.00410017	0.000726527	-0.000673192	0.0712813716	-0.0131808126	0.0527801916	-0.1609195283	0.0335250021	-0.0083980447	0.0554345699999999
-0.0647517147	0.0093040261	0.0509084298	-0.085049718	0.0756354403	0.0	-0.0438922	0.0278101	0.540956	0.00363607	0.000726527	-0.0008529399999999	0.0637987166	-0.0445528167	-0.0655861559	-0.1088721069	0.028118808	0.0299033116	0.07358278
-0.0654392557	0.0113608468	0.0483561819	-0.0840730518	0.0780627523	0.0	-0.054306	-0.0103292	0.570821	0.00402674	0.000726527	-0.0008529399999999	0.0085132011	0.0365287383	-0.071950964	-0.0812442618	0.0433180031	-0.0564643541	0.0979516
-0.06611753	0.0134112326	0.0457423114	-0.0829059332	0.0802137854	0.0	-0.0467697	-0.00396826	0.552326	0.00394076	0.000726527	-0.000852939	0.0797033979	0.1002016204	0.0146214699	-0.0298769492	0.0524397991	0.1042778086	0.03669129
-0.0667864415	0.0154540221	0.0430701492	-0.0815510059	0.0820809269	0.0	-0.048645	0.00976293	0.56523	0.00372154	0.00084632	-0.000852939	0.072510106	-0.0059174251	0.042164966	-0.0456051321	-0.0912535459	-0.0249072127	0.04546114
-0.0674458956	0.0174880583	0.0403431006	-0.0800113394	0.0836575683	0.0	-0.0438644	-0.0102724	0.584564	0.0041397	0.00065353	-0.000852939	-0.0022986826	-0.0620872772	-0.0715904467	-0.039200616	0.0110541029	-0.0291323424	0.0746974299999999
-0.0680957989	0.0195121891	0.0375646409	-0.0782904215	0.0849381299	0.0	-0.0510779	-0.0102882	0.584591	0.00409047	0.000726527	-0.000852939	-0.0140785825	0.0443420329	-0.0277697684	-0.0349812511	0.0762338923	-0.0203612995	0.01336765
-0.0687360592	0.021525268	0.0347383107	-0.0763921506	0.0859180793	0.0	-0.0438922	-0.00642018	0.613496	0.0038966	0.000726527	-0.000852939	0.0397488551	0.0852160616	0.0263260175	-0.0382061528	0.0435560978	-0.0738031045	0.04965222
-0.069366586	0.0235261547	0.0318677118	-0.0743208269	0.0865939484	0.0	-0.0438922	-0.0104446	0.636271	0.00363366	0.000726527	-0.000852939	0.0447193479	-0.0319251865	0.0814509201	-0.0498905411	0.0793998182	-0.0026659042	0.03994642
-0.06998729	0.025513716	0.0289565022	-0.0720811426	0.0869633451	0.0	-0.0438922	-0.0103719	0.636266	0.00381261	0.000726527	-0.000852939	0.0053001507	-0.088433926	-0.0340592254	-0.0504799233	0.0577799774	-0.0586933461	0.0090252
-0.0705980832	0.027486826	0.0260083921	-0.0696781714	0.0870249621	0.0	-0.0438273	-0.0103888	0.616529	0.00376324	0.000574714	-0.000852939	-0.0615088111	-0.0252378681	-0.0566942152	-0.0433396371	0.1356388993	-0.0648560894	0.02987795
-0.0711988792	0.0294443672	0.0230271381	-0.0671173566	0.0867785814	0.0	-0.0495784	-0.0076007	0.61653	0.00396914	0.000726527	-0.0007229409999999	-0.0238732165	0.053867018	0.006594927	-0.0235733636	0.0681326232	0.0266714124	0.03292575
-0.0717895928	0.0313852308	0.0200165396	-0.0644044995	0.0862250748	0.0	-0.0549627	-0.00148542	0.619271	0.00383193	0.000372923	-0.000852939	0.0223428514	-0.039295703	0.0721844095	-0.033516277	0.0699856848	-0.0280981288	0.04528118
-0.0723701406	0.0333083174	0.016980433	-0.0615457455	0.0853664013	0.0	-0.0495867	-0.000553325	0.616527	0.00338163	0.000553475	-0.000647926	-0.0064733894	-0.0896825265	0.0135252918	-0.0229594614	0.0408252513	-0.0581720991	0.0508453449999999
-0.0729404401	0.0352125379	0.0139226874	-0.0585475706	0.0842056	0.0	-0.0506261	-0.00308407	0.633614	0.00360716	0.000321866	-0.000609573	-0.0625181898	-0.0082836527	-0.0679611229	-0.0484502855	0.0401795165	-0.0086816632	0.0454317449999999
-0.0735004107	0.0370968136	0.0108471994	-0.0554167665	0.0827467792	0.0	-0.0439645	0.00674802	0.61061	0.00379305	0.000842201	-0.000536839	-0.0087633746	0.076387138	0.016830745	0.0178087432	0.0274281031	-0.0224597373	0.07844564
-0.0740499731	0.0389600773	0.0077578884	-0.0521604257	0.0809951018	0.0	-0.0438019	0.00752823	0.625529	0.00347316	0.000562514	-0.000467162	0.0176520487	-0.0153956476	0.0577324312	0.0332851777	0.0105057915	-0.0160540452	0.04932451
-0.0745890495	0.0408012736	0.0046586911	-0.0487859248	0.0789567675	0.0	-0.0546707	0.00357384	0.644798	0.00336641	0.000494991	-0.000852939	-0.0144968866	-0.0845228843	-0.0514914748	-0.0176795549	-0.029823788	-0.0555009123	0.06209469
-0.0751175635	0.0426193597	0.0015535569	-0.045300908	0.0766389903	0.0	-0.0589298	-0.00488468	0.637654	0.00374336	0.000321866	-0.0007207939999999	-0.0153447288	0.0351177185	-0.047044761	0.0135521015	0.0444425628	-0.0286793005	0.0539726199999999
-0.0756354403	0.0444133056	-0.0015535569	-0.0417132701	0.0740499731	0.0	-0.0538474	-0.0104542	0.664552	0.00354064	0.00065016	-0.0007438059999999	0.0434806151	0.0485277134	0.0626290716	-0.0111435272	0.0132861211	-0.0891897163	0.0652512199999999
-0.0761426065	0.0461820954	-0.0046586911	-0.0380311382	0.0711988792	0.0	-0.0516573	0.00381001	0.66166	0.00348216	0.000680574	-0.000753319	0.0506039341	-0.0538934254	0.0739149938	0.0069511092	-0.0222816459	-0.0497925298	0.0242666599999999
-0.0766389903	0.0479247272	-0.0077578884	-0.0342628536	0.0680957989	0.0	-0.0534623	-0.0176024	0.671859	0.00361201	0.000321866	-0.000729451	-0.0246067356	-0.0810494361	-0.0266449393	0.0028122371	0.01107493	-0.0158625165	0.0590377099999999
-0.0771245214	0.0496402139	-0.0108471994	-0.0304169526	0.0647517147	0.0	-0.0558082	-0.00401111	0.666891	0.00351482	0.000321867	-0.000852939	-0.0100359624	0.0061928908	-0.0940372946	-0.0649666034	0.0666091163	0.0388117164	0.0319391399999999
-0.0775991312	0.0513275838	-0.0139226874	-0.0265021474	0.0611784619	0.0	-0.0634462	0.00342941	0.665285	0.00368307	0.000557967	-0.000852939	0.0044012578	0.0730464343	0.0059653553	-0.00638138	0.0293113272	-0.0168541793	0.0369020199999999
-0.0780627523	0.0529858813	-0.016980433	-0.0225273063	0.057388687	0.0	-0.0616501	-0.0104904	0.680519	0.00351284	0.000696549	-0.000852939	0.0419097746	0.0414666829	0.0520816165	-0.0368378516	-0.0193808506	-0.0242883857	0.0463905099999999
-0.0785153191	0.054614167	-0.0200165396	-0.0185014337	0.0533958026	0.0	-0.0560166	-0.000790812	0.6647	0.00379827	0.000570834	-0.0007471659999999	0.0156433856	-0.0838694892	0.0360861474	-0.0434272599	-0.0271492673	-0.0129614904	0.056997988
-0.0789567675	0.0562115186	-0.0230271381	-0.0144336493	0.0492139405	0.0	-0.0547575	0.0060912	0.659531	0.00344828	0.000689851	-0.000852938	0.0124177486	-0.0292648165	-0.0907192804	-0.0208917248	-0.0147660396	0.0590131157	0.0420490619999999
-0.0793870351	0.0577770315	-0.0260083921	-0.0103331681	0.0448579009	0.0	-0.0599425	0.000347352	0.672204	0.0038088	0.000601201	-0.0007810109999999	0.0273265416	0.0596834423	-0.05521865	-0.0262526278	-0.0282687201	0.0166320879	0.049656698
-0.0798060608	0.0593098188	-0.0289565022	-0.0062092789	0.0403431006	0.0	-0.0610041	-0.0134859	0.678879	0.00380655	0.0008587179999999	-0.000852939	0.0409503045	0.0762599227	-0.0008647409	-0.0249185834	-0.0363716841	-0.0305739676	0.0381546019999999
-0.0802137854	0.0608090124	-0.0318677118	-0.0020713237	0.0356855186	0.0	-0.058504	-0.0103365	0.674388	0.00388547	0.000580439	-0.000852939	0.0416723222	-0.0344739696	0.0955933575	-0.0474870121	-0.0241473196	0.0661762395	0.02800045
-0.0806101512	0.0622737632	-0.0347383107	0.0020713237	0.0309016387	0.0	-0.064032	0.00317263	0.677146	0.00393754	0.000592074	-0.000852938	0.0352073071	-0.070896518	-0.0377941943	-0.0496268124	0.0052719538	0.0072325413	0.02498043
-0.0809951018	0.0637032414	-0.0375646409	0.0062092789	0.0260083921	0.0	-0.0585272	-0.00133792	0.669125	0.00370174	0.000463364	-0.000789919	-0.0255818167	0.0401041087	-0.0556238056	-0.047176507	-0.0143654076	0.0061167436	0.0394128
-0.081368583	0.0650966374	-0.0403431006	0.0103331681	0.0210230968	0.0	-0.0593707	-0.0104008	0.671649	0.00371752	0.000671505	-0.000852938	-0.0017652802	0.0635512328	0.0293855182	0.0445041776	0.0092504309	0.0588343721	0.02677738
-0.0817305418	0.0664531621	-0.0430701492	0.0144336493	0.0159633969	0.0	-0.0537471	-0.00309198	0.666146	0.00377202	0.00049174	-0.000765535	0.0374606136	0.0531652081	0.0625152046	0.0076581172	-0.0639259968	0.0484163249	0.03451882
-0.0820809269	0.0677720469	-0.0457423114	0.0185014337	0.0108471994	0.0	-0.0538753	0.00236627	0.686102	0.00362476	0.000509446	-0.000852938	0.099060449	-0.0392393148	0.0390119878	-0.0193870499	-0.0560488213	0.0553182087	0.0381608999999999
-0.0824196886	0.0690525449	-0.0483561819	0.0225273063	0.0056926117	0.0	-0.0437156	-0.051685	0.569407	0.00566592	0.000321867	-0.000693008	-0.001410518	-0.0944142419	-0.0664852441	0.0052000667	0.0021890271	0.1544756867	0.30033942
-0.0827467792	0.0702939308	-0.0509084298	0.0265021474	0.0005178768	0.0	-0.0514524	0.0155033	0.608058	0.00385923	0.000775236	-0.000852938	-0.0980418744	-0.0077963975	-0.0615856392	-0.0466800865	-0.014157024	0.0924317964	0.23457555
-0.0830621521	0.0714955015	-0.0533958026	0.0304169526	-0.0046586911	0.0	-0.057102	0.00181143	0.627528	0.0043879	0.000576272	-0.000852938	-0.0762293672	0.0064891413	-0.0268176748	-0.0487298896	0.0251764796	0.0702838025	0.07519317
-0.0833657629	0.0726565764	-0.0558151306	0.0342628536	-0.0098187709	0.0	-0.0502467	0.00338657	0.637451	0.00436389	0.0010484	-0.000852938	-0.0398870865	0.0556506626	0.0840329447	-0.0319793861	0.055951364	0.0540252411	0.04316034
-0.0836575683	0.0737764979	-0.0581633306	0.0380311382	-0.0149441002	0.0	-0.0576556	0.0155008	0.650261	0.00376875	0.000661507	-0.000785141	-0.0268091601	-0.0548872967	0.1047610462	0.0857292389	-0.033801202	0.0562714597	0.0848246299999999
-0.0839375273	0.0748546315	-0.0604374102	0.0417132701	-0.0200165396	0.0	-0.06316	-0.0164934	0.678267	0.00413924	0.000670484	-0.000852938	-0.0531852266	-0.0400323786	-0.0485216627	0.072984437	-0.012360937	0.0422039246	0.0878677999999999
-0.0842056	0.0758903667	-0.0626344715	0.045300908	-0.0250181366	0.0	-0.0566486	0.00270061	0.654519	0.00376749	0.000541276	-0.000763182	-0.0162249378	0.0529554705	-0.0505414691	0.0838453	-0.0191050014	0.0552564702	0.0789891099999999
-0.0844617486	0.0768831168	-0.0647517147	0.0487859248	-0.0299311897	0.0	-0.057118	-0.0164412	0.673227	0.00423865	0.000712628	-0.000852938	-0.006387545	0.0928363178	0.0128321704	0.0332829793	-0.0170664846	0.036807829	0.07493261
-0.0847059367	0.0778323194	-0.0667864415	0.0521604257	-0.0347383107	0.0	-0.0597316	-0.0124528	0.677353	0.0039634	0.000671902	-0.000794966	0.0206759621	-0.0263790463	0.0402416265	-0.0734712326	-0.015864326	0.0865575594	0.0294253999999999
-0.0849381299	0.078737437	-0.0687360592	0.0554167665	-0.0394224862	0.0	-0.0665563	-0.0165097	0.688795	0.00405948	0.000565301	-0.000781009	-0.0557189685	-0.0685488864	-0.0280419331	-0.092116998	0.0041367033	0.0534442114	0.0331555
-0.0851582951	0.0795979569	-0.0705980832	0.0585475706	-0.0439671381	0.0	-0.0599599	-0.0072448	0.694129	0.00409246	0.000754002	-0.000852938	-0.0712666077	0.0345727245	0.0832913787	-0.0461409361	0.086306328	0.0991890061	0.0358757999999999
-0.0853664013	0.0804133917	-0.0723701406	0.0615457455	-0.0483561819	0.0	-0.0594212	-0.00743862	0.719811	0.00387943	0.000720206	-0.000852938	-0.0671749288	-0.12712755	0.0569808847	-0.0279619849	0.0740403171	-0.0146294984	0.0387558199999999
-0.0855624189	0.0811832795	-0.0740499731	0.0644044995	-0.0525740841	0.0	-0.0596442	-0.0163293	0.732587	0.00437399	0.0007702679999999	-0.000852937	-0.0770687789	0.0170564866	-0.0318954279	0.0489760237	0.1551665296	2.952e-07	0.04912083
-0.0857463203	0.0819071842	-0.0756354403	0.0671173566	-0.0566059167	0.0	-0.0588471	-0.000489323	0.746426	0.00346388	0.000708446	-0.000852937	-0.0386958715	-0.0224490926	0.1028239068	0.0972966541	-0.0009575915	-0.0512034907	0.079072677
-0.0859180793	0.0825846958	-0.0771245214	0.0696781714	-0.0604374102	0.0	-0.0564893	-0.00291364	0.745776	0.00375458	0.000646816	-0.000852937	-0.0524890198	-0.0870345867	-0.041997544	0.1116000493	0.01303703	-0.0513310641	0.023048617
-0.0860776717	0.0832154305	-0.0785153191	0.0720811426	-0.0640550043	0.0	-0.0559166	-0.0164523	0.7361149999999999	0.00414745	0.000755652	-0.000852937	-0.034289756	0.0709718696	-0.0170965572	0.1356133248	0.0222959301	-0.0260594265	0.04885766
-0.0862250748	0.0837990311	-0.0798060608	0.0743208269	-0.0674458956	0.0	-0.0600726	-0.00567433	0.756171	0.0040969	0.0007945689999999	-0.000852937	0.0542590302	0.0739356621	0.0477273911	0.0956857045	-0.0617989022	-0.0483109236	0.03946332
-0.0863602677	0.0843351671	-0.0809951018	0.0763921506	-0.0705980832	0.0	-0.0607154	-0.00990182	0.755868	0.00370036	0.000666103	-0.000852937	0.0514409719	-0.0021343805	-0.0047345691	0.0107407216	-0.1070791496	-0.0731331872	0.03142359
-0.0864832314	0.0848235348	-0.0820809269	0.0782904215	-0.0735004107	0.0	-0.0606373	-0.0164131	0.774042	0.00422509	0.000487436	-0.000852937	-0.0165639898	0.0093407427	-0.0746500277	-0.0694403045	0.0219128829	-0.1361301793	0.05993323
-0.0865939484	0.0852638575	-0.0830621521	0.0800113394	-0.0761426065	0.0	-0.06604	-0.00968738	0.7639049999999998	0.0041248	0.000458612	-0.000932869	-0.0075501344	-0.0075323208	0.0862184683	-0.0480134397	0.0462621539	-0.0567654168	0.03271772
-0.086692403	0.0856558858	-0.0839375273	0.0815510059	-0.0785153191	0.0	-0.0605611	0.00130933	0.7803879999999999	0.00340966	0.000321868	-0.000852937	0.0089922127	-0.0871288201	-0.0161336154	0.0023626276	0.0184044411	0.0164277179	0.07954941
-0.0867785814	0.0859993978	-0.0847059367	0.0829059332	-0.0806101512	0.0	-0.0605967	-0.00104728	0.8100469999999999	0.00388621	0.000392066	-0.000852937	0.0005846251	0.0574226772	-0.0501908175	0.0363490602	0.0122597878	-0.0065184926	0.05938861
-0.0868524712	0.0862941987	-0.0853664013	0.0840730518	-0.0824196886	0.0	-0.0646524	-0.0165199	0.812067	0.00398419	0.000321868	-0.000852937	0.0538139764	-0.0270639169	0.043744672	0.0014702906	-0.0697866157	-0.0511655156	0.02995722
-0.086914062	0.0865401218	-0.0859180793	0.085049718	-0.0839375273	0.0	-0.0741161999999999	-0.00131508	0.796516	0.00396846	0.000560372	-0.000852937	0.0805690373	-0.0230633169	-0.0978022269	0.0223151548	-0.1114030308	0.0127757471	0.0529313199999999
-0.0869633451	0.0867370275	-0.0863602677	0.0858337192	-0.0851582951	0.0	-0.067274	-0.0216529	0.81088	0.00443078	0.0007262669999999	-0.000852937	0.0199529116	0.1215964539	-0.064987849	0.023701264	-0.0756488553	-0.0132773571	0.07295477
-0.0870003136	0.0868848045	-0.086692403	0.0864232793	-0.0860776717	0.0	-0.0700704	-0.0225946	0.7981549999999998	0.00434116	0.000811204	-0.000852937	0.0291756515	-0.0011357305	0.0571754668	0.0169244177	-0.0288142469	-0.0085352556	0.02519095
-0.0870249621	0.0869833691	-0.086914062	0.086817063	-0.086692403	0.0	-0.0680343	-0.0101326	0.8196139999999998	0.00450341	0.000321868	-0.000852937	0.0135001614	-0.0270180744	-0.0412593806	-0.0246791953	-0.0154242609	-0.0680430975	0.0685364
-0.0870372873	0.0870326653	-0.0870249621	0.0870141781	-0.0870003136	0.0	-0.0689611	-0.0127652	0.853835	0.0045769	0.000699974	-0.00109166	-0.0165284516	0.0452393008	-0.0074926143	-0.0271956028	0.0223999653	-0.0663749993	0.07229635
